{
  "version": 2,
  "builds": [
    {
      "src": "package.json",
      "use": "@vercel/static-build",
      "config": {
        "distDir": "build"
      }
    }
  ],
  "routes": [
    {
      "src": "/static/(.*)",
      "headers": {
        "cache-control": "s-maxage=31536000,immutable"
      },
      "dest": "/static/$1"
    },
    {
      "src": "/favicon.ico",
      "dest": "/favicon.ico"
    },
    {
      "src": "/asset-manifest.json",
      "dest": "/asset-manifest.json"
    },
    {
      "src": "/manifest.json",
      "dest": "/manifest.json"
    },
    {
      "src": "/robots.txt",
      "dest": "/robots.txt"
    },
    {
      "src": "/(.*)",
      "dest": "/index.html"
    }
  ]
}
